<?xml version="1.0" encoding="UTF-8"?>
<StudentInfo>
  <student id="1">
    <firstName>"Marc"</firstName>
    <lastName>"Carp"</lastName>
    <score>85</score>
  </student>
    <student id="2">
    <firstName>"Israt"</firstName>
    <lastName>"Khan"</lastName>
    <score>95</score>
  </student>
  <student id="3">
    <firstName>"Mohi"</firstName>
    <lastName>"Uddin"</lastName>
    <score>90</score>
  </student>
  <student id="4">
    <firstName>"Abrar"</firstName>
    <lastName>"Hossain"</lastName>
    <score>88</score>
  </student>
  <student id="5">
    <firstName>"Abida"</firstName>
    <lastName>"Sultana"</lastName>
    <score>78</score>
  </student>
</StudentInfo>



























